{"fpAttack":{"Frame0":[57.0,100.0,104.0,1.0],"Frame1":[211.0,100.0,267.0,1.0],"Frame2":[357.0,100.0,440.0,1.0],"NumFrames":3,"Repeating":false,"SecsPerFrame":0.05000000074505806},"fpIdle":{"Frame0":[506.0,100.0,553.0,6.0],"Frame1":[658.0,100.0,705.0,3.0],"Frame2":[810.0,100.0,857.0,4.0],"NumFrames":3,"Repeating":true,"SecsPerFrame":0.05000000074505806},"fpJump":{"Frame0":[965.0,100.0,1014.0,6.0],"Frame1":[1115.0,100.0,1162.0,6.0],"Frame2":[1267.0,100.0,1314.0,5.0],"Frame3":[1419.0,93.0,1466.0,3.0],"Frame4":[1571.0,90.0,1619.0,1.0],"NumFrames":5,"Repeating":false,"SecsPerFrame":0.05000000074505806},"spAttack":{"Frame0":[1720.0,100.0,1767.0,4.0],"Frame1":[1861.0,100.0,1917.0,1.0],"Frame2":[1992.0,100.0,2075.0,1.0],"NumFrames":3,"Repeating":false,"SecsPerFrame":0.05000000074505806},"spIdle":{"Frame0":[2177.0,100.0,2224.0,1.0],"Frame1":[2328.0,100.0,2375.0,3.0],"Frame2":[2480.0,100.0,2527.0,4.0],"NumFrames":3,"Repeating":true,"SecsPerFrame":0.05000000074505806},"spJump":{"Frame0":[2633.0,100.0,2682.0,6.0],"Frame1":[2788.0,100.0,2835.0,6.0],"Frame2":[2941.0,100.0,2988.0,5.0],"Frame3":[3093.0,93.0,3140.0,3.0],"Frame4":[3244.0,90.0,3292.0,1.0],"NumFrames":5,"Repeating":false,"SecsPerFrame":0.05000000074505806}}