{"fpAttack":{"Frame0":[0.0,100.0,150.0,0.0],"Frame1":[152.0,100.0,302.0,0.0],"Frame2":[304.0,100.0,454.0,0.0],"NumFrames":3,"Repeating":false,"SecsPerFrame":0.05000000074505806},"fpDamage":{"Frame0":[2280.0,100.0,2430.0,0.0],"NumFrames":1,"Repeating":true,"SecsPerFrame":0.10000000149011612},"fpIdle":{"Frame0":[456.0,100.0,606.0,0.0],"Frame1":[608.0,100.0,758.0,0.0],"Frame2":[760.0,100.0,910.0,0.0],"NumFrames":3,"Repeating":true,"SecsPerFrame":0.699999988079071},"fpJump":{"Frame0":[912.0,100.0,1062.0,0.0],"Frame1":[1064.0,100.0,1214.0,0.0],"Frame2":[1216.0,100.0,1366.0,0.0],"Frame3":[1368.0,100.0,1518.0,0.0],"Frame4":[1520.0,100.0,1670.0,0.0],"NumFrames":5,"Repeating":false,"SecsPerFrame":0.10000000149011612},"fpKick":{"Frame0":[1672.0,100.0,1822.0,0.0],"Frame1":[1824.0,100.0,1974.0,0.0],"Frame2":[1976.0,100.0,2126.0,0.0],"Frame3":[2128.0,100.0,2278.0,0.0],"NumFrames":4,"Repeating":false,"SecsPerFrame":0.05000000074505806},"fpThrow":{"Frame0":[2432.0,100.0,2582.0,0.0],"Frame1":[2584.0,100.0,2734.0,0.0],"Frame2":[2736.0,100.0,2886.0,0.0],"NumFrames":3,"Repeating":false,"SecsPerFrame":0.08000000074505806},"spAttack":{"Frame0":[2890.0,100.0,3040.0,0.0],"Frame1":[3042.0,100.0,3192.0,0.0],"Frame2":[3194.0,100.0,3344.0,0.0],"NumFrames":3,"Repeating":false,"SecsPerFrame":0.05000000074505806},"spDamage":{"Frame0":[5170.0,100.0,5320.0,0.0],"NumFrames":1,"Repeating":true,"SecsPerFrame":0.10000000149011612},"spIdle":{"Frame0":[3346.0,100.0,3496.0,0.0],"Frame1":[3498.0,100.0,3648.0,0.0],"Frame2":[3650.0,100.0,3800.0,0.0],"NumFrames":3,"Repeating":true,"SecsPerFrame":0.699999988079071},"spJump":{"Frame0":[3802.0,100.0,3952.0,0.0],"Frame1":[3954.0,100.0,4104.0,0.0],"Frame2":[4106.0,100.0,4256.0,0.0],"Frame3":[4258.0,100.0,4408.0,0.0],"Frame4":[4410.0,100.0,4560.0,0.0],"NumFrames":5,"Repeating":false,"SecsPerFrame":0.10000000149011612},"spKick":{"Frame0":[4562.0,100.0,4712.0,0.0],"Frame1":[4714.0,100.0,4864.0,0.0],"Frame2":[4866.0,100.0,5016.0,0.0],"Frame3":[5018.0,100.0,5168.0,0.0],"NumFrames":4,"Repeating":false,"SecsPerFrame":0.08000000074505806},"spThrow":{"Frame0":[5322.0,100.0,5472.0,0.0],"Frame1":[5474.0,100.0,5624.0,0.0],"Frame2":[5626.0,100.0,5776.0,0.0],"NumFrames":3,"Repeating":false,"SecsPerFrame":0.05000000074505806}}