{"fpAttack": { "Frame0": [ 0.0, 100.0, 150.0, 0.0 ],"Frame1": [ 152.0, 100.0, 302.0, 0.0 ], "Frame2": [ 304.0, 100.0, 454.0, 0.0 ], "NumFrames": 3,"Repeating": false, "SecsPerFrame": 0.05000000074505806},"fpIdle": {"Frame0": [ 456.0, 100.0, 606.0, 0.0 ],"Frame1": [ 608.0, 100.0, 758.0, 0.0 ],"Frame2": [ 760.0, 100.0, 910.0, 0.0 ],"NumFrames": 3,"Repeating": true,"SecsPerFrame": 0.70000000074505806},"fpJump": {"Frame0": [ 912.0, 100.0, 1062.0, 0.0 ],"Frame1": [ 1064.0, 100.0, 1214.0, 0.0 ],"Frame2": [ 1216.0, 100.0, 1366.0, 0.0 ],"Frame3": [ 1368.0, 100.0, 1518.0, 0.0 ],"Frame4": [ 1520.0, 100.0, 1670.0, 0.0 ],"NumFrames": 5,"Repeating": false,"SecsPerFrame": 0.10000000074505806},"spAttack": {"Frame0": [ 1672.0, 100.0, 1822.0, 0.0 ],"Frame1": [ 1824.0, 100.0, 1974.0, 0.0 ],"Frame2": [ 1976.0, 100.0, 2126.0, 0.0 ],"NumFrames": 3,"Repeating": false,"SecsPerFrame": 0.05000000074505806},"spIdle": {"Frame0": [ 2128.0, 100.0, 2278.0, 0.0 ],"Frame1": [ 2280.0, 100.0, 2430.0, 0.0 ],"Frame2": [ 2432.0, 100.0, 2582.0, 0.0 ],"NumFrames": 3,"Repeating": true,"SecsPerFrame": 0.70000000074505806},"spJump": {"Frame0": [ 2584.0, 100.0, 2734.0, 0.0 ],"Frame1": [ 2736.0, 100.0, 2886.0, 0.0 ],"Frame2": [ 2890.0, 100.0, 3040.0, 0.0 ],"Frame3": [ 3042.0, 100.0, 3192.0, 0.0 ],"Frame4": [ 3194.0, 100.0, 3344.0, 0.0 ],"NumFrames": 5, "Repeating": false,"SecsPerFrame": 0.10000000074505806}}