{"heavyAttackClick":{"Frame0":[6031.0,500.0,6781.0,1.0],"NumFrames":1,"Repeating":true,"SecsPerFrame":0.05000000074505806},"heavyAttackDefault":{"Frame0":[4525.0,500.0,5275.0,1.0],"NumFrames":1,"Repeating":true,"SecsPerFrame":0.05000000074505806},"heavyAttackHover":{"Frame0":[5278.0,500.0,6028.0,1.0],"NumFrames":1,"Repeating":true,"SecsPerFrame":0.05000000074505806},"helpClick":{"Frame0":[7370.0,294.0,7660.0,1.0],"NumFrames":1,"Repeating":true,"SecsPerFrame":0.05000000074505806},"helpDefault":{"Frame0":[6784.0,294.0,7074.0,1.0],"NumFrames":1,"Repeating":true,"SecsPerFrame":0.05000000074505806},"helpHover":{"Frame0":[7077.0,294.0,7367.0,1.0],"NumFrames":1,"Repeating":true,"SecsPerFrame":0.05000000074505806},"interactClick":{"Frame0":[9267.0,501.0,10066.0,1.0],"NumFrames":1,"Repeating":true,"SecsPerFrame":0.05000000074505806},"interactDefault":{"Frame0":[7663.0,501.0,8462.0,1.0],"NumFrames":1,"Repeating":true,"SecsPerFrame":0.05000000074505806},"interactHover":{"Frame0":[8465.0,501.0,9264.0,1.0],"NumFrames":1,"Repeating":true,"SecsPerFrame":0.05000000074505806},"largeJumpLeftClick":{"Frame0":[1511.0,501.0,2263.0,1.0],"NumFrames":1,"Repeating":true,"SecsPerFrame":0.05000000074505806},"largeJumpLeftDefault":{"Frame0":[1.0,501.0,753.0,1.0],"NumFrames":1,"Repeating":true,"SecsPerFrame":0.05000000074505806},"largeJumpLeftHover":{"Frame0":[756.0,501.0,1508.0,1.0],"NumFrames":1,"Repeating":true,"SecsPerFrame":0.05000000074505806},"largeJumpRightClick":{"Frame0":[3772.0,501.0,4522.0,1.0],"NumFrames":1,"Repeating":true,"SecsPerFrame":0.05000000074505806},"largeJumpRightDefault":{"Frame0":[2266.0,501.0,3016.0,1.0],"NumFrames":1,"Repeating":true,"SecsPerFrame":0.05000000074505806},"largeJumpRightHover":{"Frame0":[3019.0,501.0,3769.0,1.0],"NumFrames":1,"Repeating":true,"SecsPerFrame":0.05000000074505806},"lightAttackClick":{"Frame0":[11579.0,502.0,12331.0,1.0],"NumFrames":1,"Repeating":true,"SecsPerFrame":0.05000000074505806},"lightAttackDefault":{"Frame0":[10069.0,502.0,10821.0,1.0],"NumFrames":1,"Repeating":true,"SecsPerFrame":0.05000000074505806},"lightAttackHover":{"Frame0":[10824.0,502.0,11576.0,1.0],"NumFrames":1,"Repeating":true,"SecsPerFrame":0.05000000074505806},"smallJumpLeftClick":{"Frame0":[13838.0,501.0,14567.0,1.0],"NumFrames":1,"Repeating":true,"SecsPerFrame":0.05000000074505806},"smallJumpLeftDefault":{"Frame0":[12334.0,501.0,13083.0,1.0],"NumFrames":1,"Repeating":true,"SecsPerFrame":0.05000000074505806},"smallJumpLeftHover":{"Frame0":[13086.0,501.0,13835.0,1.0],"NumFrames":1,"Repeating":true,"SecsPerFrame":0.05000000074505806},"smallJumpRightClick":{"Frame0":[16096.0,501.0,16846.0,1.0],"NumFrames":1,"Repeating":true,"SecsPerFrame":0.05000000074505806},"smallJumpRightDefault":{"Frame0":[14590.0,501.0,15340.0,1.0],"NumFrames":1,"Repeating":true,"SecsPerFrame":0.05000000074505806},"smallJumpRightHover":{"Frame0":[15343.0,501.0,16093.0,1.0],"NumFrames":1,"Repeating":true,"SecsPerFrame":0.05000000074505806}}