{"num0":{"Frame0":[1.0,700.0,700.0,0.0],"NumFrames":1,"Repeating":true,"SecsPerFrame":0.20000000298023224},"num1":{"Frame0":[701.0,700.0,1400.0,0.0],"NumFrames":1,"Repeating":true,"SecsPerFrame":0.20000000298023224},"num2":{"Frame0":[1401.0,700.0,2100.0,0.0],"NumFrames":1,"Repeating":true,"SecsPerFrame":0.20000000298023224},"num3":{"Frame0":[2101.0,700.0,2800.0,0.0],"NumFrames":1,"Repeating":true,"SecsPerFrame":0.20000000298023224},"num4":{"Frame0":[2801.0,700.0,3500.0,0.0],"NumFrames":1,"Repeating":true,"SecsPerFrame":0.20000000298023224},"num5":{"Frame0":[3501.0,700.0,4200.0,0.0],"NumFrames":1,"Repeating":true,"SecsPerFrame":0.20000000298023224},"num6":{"Frame0":[4201.0,700.0,4900.0,0.0],"NumFrames":1,"Repeating":true,"SecsPerFrame":0.20000000298023224},"num7":{"Frame0":[4901.0,700.0,5600.0,0.0],"NumFrames":1,"Repeating":true,"SecsPerFrame":0.20000000298023224},"num8":{"Frame0":[5601.0,700.0,6300.0,0.0],"NumFrames":1,"Repeating":true,"SecsPerFrame":0.20000000298023224},"num9":{"Frame0":[6301.0,700.0,7000.0,0.0],"NumFrames":1,"Repeating":true,"SecsPerFrame":0.20000000298023224}}