{"RightIdle":{"Frame0":[0.0,148.0,105.0,0.0],"Frame1":[105.0,148.0,210.0,0.0],"Frame2":[210.0,148.0,315.0,0.0],"Frame3":[315.0,148.0,420.0,0.0],"Frame4":[420.0,148.0,525.0,0.0],"Frame5":[420.0,148.0,525.0,0.0],"Frame6":[315.0,148.0,420.0,0.0],"Frame7":[210.0,148.0,315.0,0.0],"Frame8":[105.0,148.0,210.0,0.0],"NumFrames":9,"Repeating":true,"SecsPerFrame":0.30000001192092896},"RightPush":{"Frame0":[735.0,148.0,840.0,0.0],"Frame1":[840.0,148.0,945.0,0.0],"Frame10":[945.0,148.0,1050.0,0.0],"Frame11":[1700.0,148.0,1805.0,0.0],"Frame12":[1595.0,148.0,1700.0,0.0],"Frame13":[1490.0,148.0,1595.0,0.0],"Frame14":[1385.0,148.0,1490.0,0.0],"Frame15":[1280.0,148.0,1385.0,0.0],"Frame16":[1155.0,148.0,1260.0,0.0],"Frame17":[1050.0,148.0,1155.0,0.0],"Frame18":[630.0,148.0,735.0,0.0],"Frame19":[840.0,148.0,945.0,0.0],"Frame2":[630.0,148.0,735.0,0.0],"Frame20":[735.0,148.0,840.0,0.0],"Frame3":[1050.0,148.0,1155.0,0.0],"Frame4":[1155.0,148.0,1260.0,0.0],"Frame5":[1260.0,148.0,1365.0,0.0],"Frame6":[1365.0,148.0,1470.0,0.0],"Frame7":[1470.0,148.0,1575.0,0.0],"Frame8":[1575.0,148.0,1680.0,0.0],"Frame9":[1680.0,148.0,1785.0,0.0],"NumFrames":21,"Repeating":false,"SecsPerFrame":0.30000001192092896}}