{"LeftIdle":{"Frame0":[1712.0,148.0,1819.0,0.0],"Frame1":[1605.0,148.0,1712.0,0.0],"Frame2":[1498.0,148.0,1605.0,0.0],"Frame3":[1391.0,148.0,1498.0,0.0],"Frame4":[1284.0,148.0,1391.0,0.0],"Frame5":[1391.0,148.0,1498.0,0.0],"Frame6":[1498.0,148.0,1605.0,0.0],"Frame7":[1605.0,148.0,1712.0,0.0],"Frame8":[1712.0,148.0,1819.0,0.0],"NumFrames":9,"Repeating":true,"SecsPerFrame":0.30000001192092896},"LeftPush":{"Frame0":[963.0,148.0,1070.0,0.0],"Frame1":[856.0,148.0,963.0,0.0],"Frame10":[107.0,148.0,214.0,0.0],"Frame11":[214.0,148.0,321.0,0.0],"Frame12":[321.0,148.0,428.0,0.0],"Frame13":[428.0,148.0,535.0,0.0],"Frame14":[535.0,148.0,642.0,0.0],"Frame15":[642.0,148.0,749.0,0.0],"Frame16":[856.0,148.0,963.0,0.0],"Frame17":[963.0,148.0,1070.0,0.0],"Frame2":[1070.0,148.0,1177.0,0.0],"Frame3":[642.0,148.0,749.0,0.0],"Frame4":[535.0,148.0,642.0,0.0],"Frame5":[428.0,148.0,535.0,0.0],"Frame6":[321.0,148.0,428.0,0.0],"Frame7":[214.0,148.0,321.0,0.0],"Frame8":[107.0,148.0,214.0,0.0],"Frame9":[749.0,148.0,856.0,0.0],"NumFrames":18,"Repeating":false,"SecsPerFrame":0.029999999329447746}}