{"RightIdle":{"Frame0":[0.0,148.0,107.0,0.0],"Frame1":[107.0,148.0,214.0,0.0],"Frame2":[214.0,148.0,321.0,0.0],"Frame3":[321.0,148.0,428.0,0.0],"Frame4":[428.0,148.0,535.0,0.0],"Frame5":[428.0,148.0,535.0,0.0],"Frame6":[321.0,148.0,428.0,0.0],"Frame7":[214.0,148.0,321.0,0.0],"Frame8":[107.0,148.0,214.0,0.0],"NumFrames":9,"Repeating":true,"SecsPerFrame":0.30000001192092896},"RightPush":{"Frame0":[749.0,148.0,856.0,0.0],"Frame1":[856.0,148.0,963.0,0.0],"Frame10":[963.0,148.0,1070.0,0.0],"Frame11":[1712.0,148.0,1819.0,0.0],"Frame12":[1605.0,148.0,1712.0,0.0],"Frame13":[1498.0,148.0,1605.0,0.0],"Frame14":[1391.0,148.0,1498.0,0.0],"Frame15":[1284.0,148.0,1391.0,0.0],"Frame16":[1177.0,148.0,1284.0,0.0],"Frame17":[1070.0,148.0,1177.0,0.0],"Frame18":[642.0,148.0,749.0,0.0],"Frame19":[856.0,148.0,963.0,0.0],"Frame2":[642.0,148.0,749.0,0.0],"Frame20":[749.0,148.0,856.0,0.0],"Frame3":[1070.0,148.0,1177.0,0.0],"Frame4":[1177.0,148.0,1284.0,0.0],"Frame5":[1284.0,148.0,1391.0,0.0],"Frame6":[1391.0,148.0,1498.0,0.0],"Frame7":[1498.0,148.0,1605.0,0.0],"Frame8":[1605.0,148.0,1712.0,0.0],"Frame9":[1712.0,148.0,1819.0,0.0],"NumFrames":21,"Repeating":false,"SecsPerFrame":0.03000001192092896}}